City_ID,City,Lat,Lng,Max Temp,Humidity,Cloudiness,Wind Speed,Country,Date
0,iqaluit,63.7506,-68.5145,1.85,87,100,20.71,CA,1696010147
1,corte,42.25,9.25,20.98,68,2,4.29,FR,1696010411
2,archangelos,36.2149,28.1149,24.99,76,6,9.84,GR,1696010412
3,waitangi,-43.9535,-176.5597,9.9,94,80,4.0,NZ,1696010138
4,labrador city,52.9463,-66.9114,14.95,44,40,0.0,CA,1696009918
5,adamstown,-25.066,-130.1015,20.55,81,97,22.75,PN,1696010135
6,upington,-28.4478,21.2561,28.21,6,0,4.61,ZA,1696010120
7,hamilton,39.1834,-84.5333,25.7,78,100,0.0,US,1696010144
8,altay,47.8667,88.1167,8.41,56,90,7.14,CN,1696009894
9,puerto natales,-51.7236,-72.4875,13.25,35,75,13.8,CL,1696009869
10,howrah,22.5892,88.3103,27.0,89,75,0.0,IN,1696010189
11,arhavi,41.3492,41.3069,21.92,84,25,2.06,TR,1696010414
12,tiksi,71.6872,128.8694,-2.41,86,84,16.51,RU,1696010151
13,pueblo west,38.35,-104.7227,29.66,13,2,5.01,US,1696010414
14,port-aux-francais,-49.35,70.2167,1.18,73,23,44.9,TF,1696010136
15,port lincoln,-34.7333,135.8667,17.93,44,0,9.91,AU,1696010147
16,ribeira grande,38.5167,-28.7,22.22,94,75,18.41,PT,1696010155
17,gierloz,54.0813,21.4955,18.77,46,81,8.28,PL,1696010415
18,iskateley,67.6803,53.1512,1.99,76,100,14.09,RU,1696010157
19,callao,-12.0667,-77.15,25.95,73,100,6.91,PE,1696009901
20,enewetak,11.3474,162.3373,28.81,78,87,13.87,MH,1696009898
21,sulak,43.2734,47.5146,20.04,70,99,15.17,RU,1696010416
22,blackmans bay,-43.0167,147.3167,6.96,92,65,5.88,AU,1696010139
23,margaret river,-33.95,115.0667,14.43,69,78,13.96,AU,1696010145
24,morehead city,34.7229,-76.726,23.33,86,100,12.66,US,1696009935
25,metlili chaamba,32.2667,3.6333,26.8,26,0,8.23,DZ,1696010417
26,coquimbo,-29.9533,-71.3436,16.85,67,20,14.97,CL,1696009924
27,edinburgh of the seven seas,-37.0676,-12.3116,10.78,79,100,31.63,SH,1696010137
28,kerikeri,-35.2268,173.9474,13.84,89,83,7.0,NZ,1696010417
29,shevchenko,48.5,35.0,20.8,35,0,7.9,UA,1696010417
30,kone,-21.0595,164.8658,17.41,80,19,5.95,NC,1696010161
31,new plymouth,-39.0667,174.0833,9.34,85,95,17.83,NZ,1696010418
32,petropavlovsk-kamchatsky,53.0452,158.6483,-0.67,100,0,2.24,RU,1696010149
33,richards bay,-28.783,32.0377,23.64,72,0,9.37,ZA,1696009954
34,nguruka,-5.1092,31.0419,27.93,29,72,3.71,TZ,1696010418
35,isafjordur,66.0755,-23.124,6.02,61,75,13.8,IS,1696009920
36,avarua,-21.2078,-159.775,24.03,88,75,16.11,CK,1696010153
37,bilibino,68.0546,166.4372,-1.9,95,98,14.25,RU,1696010140
38,forster,-32.1667,152.5167,11.27,100,0,3.83,AU,1696010419
39,susuman,62.7833,148.1667,-3.43,87,100,6.44,RU,1696009934
40,grytviken,-54.2811,-36.5092,-0.69,80,20,11.3,GS,1696010070
41,carolina beach,34.0352,-77.8936,26.75,76,51,1.99,US,1696010419
42,kismayo,-0.3582,42.5454,26.01,84,10,13.15,SO,1696010420
43,papatowai,-46.5619,169.4708,4.65,68,98,22.3,NZ,1696009918
44,minas de marcona,-15.2119,-75.1103,20.27,60,45,13.09,PE,1696010173
45,lalibela,12.0333,39.0333,15.91,65,88,7.38,ET,1696010420
46,thompson,55.7435,-97.8558,12.09,82,75,3.44,CA,1696010146
47,fortuna foothills,32.6578,-114.4119,33.16,28,0,1.01,US,1696010421
48,as sulayyil,20.4607,45.5779,31.46,9,0,8.3,SA,1696010421
49,west island,-12.1568,96.8225,24.99,83,75,14.97,CC,1696010146
50,muborak,39.2553,65.1528,18.82,31,1,8.01,UZ,1696010421
51,muncar,-8.4333,114.3333,22.1,91,29,1.92,ID,1696010421
52,al jawf,29.5,38.75,29.21,14,1,7.76,SA,1696009967
53,coari,-4.085,-63.1414,37.42,33,75,2.66,BR,1696010422
54,talnakh,69.4865,88.3972,-2.66,87,100,9.04,RU,1696009804
55,vernon,50.2581,-119.2691,10.34,88,100,5.75,CA,1696010163
56,jinchang,38.4953,102.1739,13.99,61,12,0.72,CN,1696010422
57,tazovsky,67.4667,78.7,-1.72,82,80,19.53,RU,1696009930
58,klyuchi,52.2667,79.1667,12.82,62,99,3.04,RU,1696009922
59,jamestown,42.097,-79.2353,20.01,77,75,4.61,US,1696009915
60,college,64.8569,-147.8028,2.11,75,100,1.43,US,1696010147
61,westport,41.1415,-73.3579,15.71,91,100,11.01,US,1696010423
62,ushuaia,-54.8,-68.3,11.81,43,20,16.11,AR,1696010134
63,kolonia town,6.964,158.206,28.82,69,61,2.53,FM,1696010423
64,tofol,5.3248,163.0078,25.99,87,100,7.14,FM,1696010423
65,hammerfest,70.6634,23.6821,8.25,87,0,2.3,NO,1696010424
66,invercargill,-46.4,168.35,5.01,80,97,11.01,NZ,1696010162
67,dudinka,69.4058,86.1778,-2.43,92,98,19.39,RU,1696010134
68,longyearbyen,78.2186,15.6401,-0.09,80,100,11.5,SJ,1696010162
69,hermanus,-34.4187,19.2345,16.33,82,94,16.91,ZA,1696010136
70,la ronge,55.1001,-105.2842,12.14,76,75,4.61,CA,1696010191
71,namibe,-15.1961,12.1522,19.34,88,62,9.82,AO,1696009927
72,uturoa,-16.7333,-151.4333,25.61,78,91,20.42,PF,1696010154
73,north platte,41.1239,-100.7654,27.22,33,5,5.91,US,1696010425
74,stanley,54.868,-1.6985,13.77,80,20,12.66,GB,1696009928
75,punta arenas,-53.15,-70.9167,10.06,46,0,10.36,CL,1696010079
76,sitka,57.0531,-135.33,9.73,84,100,2.39,US,1696010150
77,bodo,67.28,14.405,12.65,93,100,9.22,NO,1696010426
78,gisborne,-38.6533,178.0042,12.3,73,100,7.7,NZ,1696009893
79,mejit,10.2753,170.8646,28.53,75,100,15.55,MH,1696010165
80,tura,25.5198,90.2201,24.57,92,100,3.44,IN,1696009910
81,quellon,-43.1167,-73.6167,10.0,64,14,9.26,CL,1696010427
82,odda,60.0691,6.5457,13.76,98,88,10.09,NO,1696010427
83,tabira,-7.5908,-37.5394,36.23,14,52,4.7,BR,1696010427
84,hirara,24.8,125.2833,28.37,82,0,11.1,JP,1696010427
85,smithers,54.7804,-127.1743,5.18,93,75,0.0,CA,1696009970
86,poptun,16.3311,-89.4169,27.72,73,98,2.33,GT,1696010428
87,toliara,-23.35,43.6667,24.31,81,14,3.65,MG,1696010347
88,fort bragg,35.139,-79.006,24.08,76,100,8.05,US,1696009947
89,maragogi,-9.0122,-35.2225,27.47,65,83,10.65,BR,1696010428
90,savannakhet,16.566,104.751,24.14,94,100,2.66,LA,1696010428
91,bardai,11.65,7.2333,23.95,78,89,8.59,NG,1696009947
92,rumoi,43.9344,141.6428,16.5,70,79,7.4,JP,1696010429
93,arkhangel'sk,64.5401,40.5433,11.18,93,82,8.32,RU,1696009656
94,mar del plata,-38.0023,-57.5575,11.72,81,98,10.0,AR,1696010429
95,puerto baquerizo moreno,-0.9,-89.6,26.55,69,75,10.36,EC,1696010159
96,kenai,60.5544,-151.2583,5.72,73,74,2.93,US,1696010430
97,aasiaat,68.7098,-52.8699,0.32,92,98,5.06,GL,1696010153
98,gadzhiyevo,69.2551,33.3362,10.21,90,100,15.05,RU,1696009988
99,saipan,15.1355,145.701,28.59,78,100,12.06,MP,1696010137
100,olonkinbyen,70.9221,-8.7187,2.74,83,99,18.1,SJ,1696010141
101,calabozo,8.9242,-67.4293,35.53,46,93,3.18,VE,1696010425
102,brisas de zicatela,15.8369,-97.0419,31.17,64,69,6.17,MX,1696010431
103,yaren,-0.5472,166.916,28.61,76,93,12.62,NR,1696010431
104,boguchany,58.3814,97.4531,7.96,84,99,8.52,RU,1696010431
105,portland,45.5234,-122.6762,15.41,84,75,9.22,US,1696009882
106,utrik,11.2278,169.8474,28.45,79,98,15.55,MH,1696010151
107,wewak,-3.5534,143.6268,25.69,89,92,5.84,PG,1696010432
108,yellowknife,62.456,-114.3525,6.34,86,75,9.22,CA,1696010140
109,san antonio de pale,-1.4014,5.6325,24.86,84,53,12.41,GQ,1696009932
110,san patricio,28.017,-97.5169,34.37,47,20,10.56,US,1696009907
111,kodiak,57.79,-152.4072,8.43,74,75,2.35,US,1696010148
112,vale da amoreira,39.0697,-7.6985,30.07,22,5,3.0,PT,1696010432
113,polyarnyy,69.1989,33.4478,10.41,91,100,14.65,RU,1696010333
114,kupang,-10.1667,123.5833,24.32,83,54,6.91,ID,1696010433
115,newman,37.3138,-121.0208,25.13,33,5,2.51,US,1696010155
116,fale old settlement,-9.3852,-171.2468,27.99,77,29,12.37,TK,1696009936
117,rio grande,-32.035,-52.0986,22.06,76,61,16.04,BR,1696010170
118,puerto ayora,-0.7393,-90.3518,27.98,85,80,8.99,EC,1696010142
119,harrisburg,40.2737,-76.8844,18.71,92,100,1.99,US,1696010434
120,lebu,-37.6167,-73.65,13.89,65,0,15.23,CL,1696010181
121,albany,42.6001,-73.9662,16.48,93,100,1.01,US,1696009978
122,novodvinsk,64.4165,40.8122,10.9,94,85,7.96,RU,1696009930
123,erenhot,43.6475,111.9767,10.37,50,46,7.67,CN,1696010435
124,afaahiti,-17.75,-149.2833,24.93,83,40,24.52,PF,1696009896
125,cacimba de dentro,-6.6417,-35.79,28.73,44,62,12.21,BR,1696010435
126,miracema do tocantins,-9.5618,-48.3967,37.22,27,99,7.58,BR,1696010435
127,ulladulla,-35.35,150.4667,13.03,94,9,5.73,AU,1696009957
128,mbekenyera,-10.0,38.9833,21.97,82,62,7.25,TZ,1696010436
129,novofedorivka,46.1713,32.3178,20.26,43,40,10.36,UA,1696010436
130,karasburg,-28.0167,18.75,20.76,27,52,15.41,NA,1696010436
131,buala,-8.145,159.5921,26.4,86,99,8.05,SB,1696010436
132,bochum,51.4833,7.2167,17.75,89,93,3.0,DE,1696010281
133,camarinas,43.1311,-9.1817,23.85,93,16,10.04,ES,1696010437
134,bredasdorp,-34.5322,20.0403,15.39,84,100,4.59,ZA,1696010138
135,shihezi,44.3,86.0333,17.06,32,100,2.1,CN,1696010437
136,kargasok,59.0556,80.8572,6.85,94,98,9.75,RU,1696010437
137,jiutai,44.1525,125.8328,8.37,79,36,10.36,CN,1696010437
138,tual,-5.6667,132.75,25.98,84,97,15.84,ID,1696009931
139,ungsang-nodongjagu,42.3578,130.4622,15.04,88,24,4.45,KP,1696010438
140,vadso,70.0744,29.7487,10.49,93,75,4.61,NO,1696010174
141,shache,38.4167,77.2406,19.84,38,100,15.41,CN,1696010438
142,luderitz,-26.6481,15.1594,15.28,72,44,5.86,NA,1696009944
143,whitehorse,60.7161,-135.0538,5.45,95,100,4.61,CA,1696010138
144,trairi,-3.2778,-39.2689,29.61,56,64,14.9,BR,1696010439
145,ust-nera,64.5667,143.2,-5.82,82,50,2.08,RU,1696009893
146,pisco,-13.7,-76.2167,20.03,77,100,9.22,PE,1696010158
147,luanda,-8.8368,13.2343,24.0,78,0,12.66,AO,1696010299
148,pacific grove,36.6177,-121.9166,21.05,85,75,8.05,US,1696009953
149,rizokarpaso,35.6,34.375,25.58,66,0,18.68,CY,1696010440
150,port saint john's,-31.6229,29.5448,22.38,73,0,7.76,ZA,1696009986
151,mandera,3.9366,41.867,32.04,43,42,15.59,KE,1696009919
152,port elizabeth,-33.918,25.5701,20.16,60,0,12.66,ZA,1696010113
153,wailua homesteads,22.0669,-159.378,25.97,89,76,3.0,US,1696010142
154,hawaiian paradise park,19.5933,-154.9731,25.57,92,16,1.01,US,1696010144
155,chai badan,15.2,101.1333,25.63,93,100,3.53,TH,1696010441
156,poronaysk,49.2167,143.1167,8.9,78,8,2.98,RU,1696010441
157,arendal,58.4615,8.7725,12.89,85,48,11.43,NO,1696010426
158,constantia,44.1833,28.65,20.39,60,6,12.73,RO,1696010117
159,alice springs,-23.7,133.8833,14.75,36,40,0.0,AU,1696009964
160,thunder bay,48.4001,-89.3168,18.3,73,71,11.41,CA,1696010441
161,weno,7.4515,151.8468,28.02,80,82,10.16,FM,1696010179
162,flin flon,54.7682,-101.865,9.91,100,75,0.0,CA,1696010194
163,arar,30.9753,41.0381,28.9,16,0,8.79,SA,1696010442
164,queenstown,-31.8976,26.8753,20.21,26,2,7.61,ZA,1696009929
165,hun,29.1268,15.9477,27.66,33,0,10.63,LY,1696010442
166,tindouf,27.6711,-8.1474,35.25,16,61,13.8,DZ,1696009952
167,donaldsonville,30.101,-90.9929,31.7,64,21,11.97,US,1696010443
168,rio de janeiro,-22.9028,-43.2075,23.97,73,100,13.8,BR,1696010275
169,kayes,14.0,-11.0,32.44,58,99,8.81,ML,1696010443
170,akureyri,65.6835,-18.0878,4.37,98,100,2.19,IS,1696010443
171,eyl,7.9803,49.8164,26.78,80,59,21.12,SO,1696009952
172,villa de soto,-30.8552,-64.9995,23.35,23,92,6.62,AR,1696010444
173,san pedro de lloc,-7.4328,-79.5058,23.32,68,69,16.51,PE,1696010444
174,lazaro cardenas,17.9583,-102.2,29.98,80,42,7.23,MX,1696009956
175,arauca,7.0847,-70.7591,33.36,55,98,2.68,CO,1696010445
176,campos belos,-13.0367,-46.7717,29.15,52,80,4.36,BR,1696010445
177,manay,7.215,126.5397,25.61,84,97,7.36,PH,1696010445
178,pitimbu,-7.4706,-34.8086,27.23,67,93,13.27,BR,1696010445
179,ilulissat,69.2167,-51.1,-1.38,79,91,2.42,GL,1696010150
180,port mathurin,-19.6833,63.4167,22.94,67,42,20.42,MU,1696010144
181,kampene,-3.6,26.6667,21.71,96,86,2.01,CD,1696010446
182,natal,-5.795,-35.2094,29.36,61,20,14.97,BR,1696010433
183,kavaratti,10.5669,72.642,27.78,81,93,17.69,IN,1696010446
184,itoman,26.1247,127.6694,28.0,89,20,3.44,JP,1696010446
185,snowflake,34.5134,-110.0785,27.18,17,0,19.8,US,1696010447
186,port hedland,-20.3167,118.5667,23.03,88,22,0.0,AU,1696010400
187,limbe,4.0242,9.2149,25.27,85,99,7.34,CM,1696010447
188,anadyr,64.75,177.4833,5.28,93,0,11.18,RU,1696010149
189,fada,9.5667,8.3,20.42,88,100,2.53,NG,1696009957
190,rivera,-30.9053,-55.5508,20.6,63,35,10.18,UY,1696010448
191,agua preta,-8.7075,-35.5306,29.17,55,78,11.95,BR,1696010448
192,kirakira,-10.4544,161.9205,25.72,89,100,10.0,SB,1696009940
193,qaqortoq,60.7167,-46.0333,4.9,56,1,3.36,GL,1696010448
194,bengkulu,-3.8004,102.2655,22.22,96,76,2.91,ID,1696010449
195,teofilo otoni,-17.8575,-41.5053,29.22,44,74,9.28,BR,1696010264
196,puerto san jose,13.9256,-90.8244,30.65,67,94,5.44,GT,1696010417
197,dalby,-27.1833,151.2667,14.96,88,1,7.67,AU,1696010449
198,nabire,-3.3667,135.4833,24.21,93,99,3.44,ID,1696009914
199,bethel,41.3712,-73.414,14.93,89,100,10.36,US,1696010148
200,tsiombe,-25.3,45.4833,22.25,72,0,4.36,MG,1696009934
201,shibetsu,43.659,145.132,13.75,78,12,7.74,JP,1696010450
202,soanierana ivongo,-16.9167,49.5833,21.42,90,24,3.96,MG,1696010450
203,sanga-sanga,5.0725,119.7853,27.43,78,55,6.15,PH,1696010450
204,conception bay south,47.4999,-52.9981,18.91,63,15,11.14,CA,1696010451
205,alofi,-19.0595,-169.9187,22.94,94,31,4.61,NU,1696010146
206,la palma,33.8464,-118.0467,21.39,75,98,3.0,US,1696010167
207,kill devil hills,36.0307,-75.676,21.66,92,100,12.66,US,1696010451
208,khorixas,-20.3667,14.9667,21.84,36,0,11.48,NA,1696010452
209,northam,51.0333,-4.2167,14.81,87,72,8.81,GB,1696010452
210,kimje,35.8017,126.8889,17.94,79,99,9.35,KR,1696010452
211,myeik,12.4333,98.6,25.43,89,100,5.3,MM,1696010452
212,nyurba,63.2842,118.3319,4.93,90,100,6.15,RU,1696010452
213,isla vista,34.4133,-119.861,22.36,73,100,4.61,US,1696010427
214,dolores,-36.3132,-57.6792,14.37,61,97,8.37,AR,1696010453
215,naze,28.3667,129.4833,25.51,84,82,4.18,JP,1696009948
216,florence,43.7667,11.25,25.82,37,0,8.05,IT,1696010257
217,keflavik,64.0049,-22.5624,10.95,71,40,6.91,IS,1696009853
218,karachi,24.9056,67.0822,27.9,83,0,5.75,PK,1696010259
219,broome,42.2506,-75.833,19.89,83,100,5.75,US,1696009951
220,nar'yan-mar,67.6713,53.087,2.05,77,100,14.14,RU,1696010136
221,bhim tal,29.35,79.5667,16.75,83,1,3.8,IN,1696010454
222,qarah,34.1527,36.7415,19.84,31,0,8.55,SY,1696010454
223,vila velha,-20.3297,-40.2925,22.97,77,75,13.8,BR,1696010178
224,kristiansund,63.1115,7.732,14.03,88,0,4.61,NO,1696010455
225,kolondieba,11.0882,-6.8926,30.45,55,78,2.75,ML,1696010455
226,qashyr,53.0675,76.1036,11.99,70,100,4.12,KZ,1696010304
227,arraial do cabo,-22.9661,-42.0278,21.98,73,75,13.8,BR,1696010136
228,colonia rincon viejo,16.9,-95.05,30.9,54,99,12.08,MX,1696010455
229,mariehamn,60.0973,19.9348,15.46,100,0,12.66,AX,1696010268
230,karratha,-20.7377,116.8463,25.35,68,9,10.0,AU,1696009941
231,grande prairie,55.1667,-118.8027,8.15,84,100,6.67,CA,1696010456
232,bonthe,7.5264,-12.505,27.51,81,98,8.21,SL,1696010457
233,palu,-0.8917,119.8707,24.67,95,93,3.15,ID,1696010457
234,holualoa,19.6228,-155.9522,26.54,66,8,3.29,US,1696010457
235,san mariano,7.5,126.0,23.01,90,100,3.33,PH,1696010457
236,st. john's,47.5649,-52.7093,19.04,58,75,23.02,CA,1696010169
237,wanning,18.8003,110.3967,26.04,91,27,3.91,CN,1696010458
238,nikolayevsk-on-amure,53.1406,140.73,9.59,98,99,1.3,RU,1696009835
239,watsa,3.0372,29.5355,19.17,96,98,3.78,CD,1696010458
240,el porvenir,13.7617,-87.3458,30.24,49,69,3.62,HN,1696010458
241,novodnistrovsk,48.5849,27.4311,18.02,38,3,2.33,UA,1696010458
242,abashiri,44.0213,144.2697,12.42,79,1,8.28,JP,1696010459
243,tela,15.7833,-87.45,31.02,65,95,6.49,HN,1696010459
244,lihue,21.9789,-159.3672,26.31,84,20,10.36,US,1696009907
245,vilyuchinsk,52.9306,158.4028,0.15,71,98,1.88,RU,1696010159
246,sravana belgola,12.8583,76.4894,19.42,91,32,9.78,IN,1696010459
247,zeribet el oued,34.6828,6.5111,29.73,24,8,5.99,DZ,1696010459
248,rondonopolis,-16.4708,-54.6356,40.64,23,58,1.36,BR,1696010460
249,inhambane,-23.865,35.3833,23.95,85,41,12.1,MZ,1696010460
250,pandan,14.0453,124.1694,26.84,87,80,2.24,PH,1696010460
251,crane,31.3974,-102.3501,31.7,36,6,21.54,US,1696009910
252,new norfolk,-42.7826,147.0587,7.62,97,81,3.15,AU,1696009921
253,pemangkat,1.1667,108.9667,26.54,82,98,2.44,ID,1696010461
254,sandnessjoen,66.0217,12.6316,11.29,90,100,11.97,NO,1696009944
255,borogontsy,62.6683,131.1683,-2.62,74,58,3.06,RU,1696010461
256,papao,-17.75,-149.55,25.82,82,44,22.84,PF,1696009911
257,kingston,17.997,-76.7936,31.53,74,20,13.8,JM,1696010031
258,shangzhi,45.2167,127.9667,9.51,93,69,5.08,CN,1696010462
259,berezovyy,51.6667,135.7,7.93,95,100,2.44,RU,1696010462
260,kununurra,-15.7667,128.7333,22.99,64,64,4.61,AU,1696010200
261,virovitica,45.8319,17.3839,18.2,54,0,2.66,HR,1696010463
262,mangrol,21.1167,70.1167,28.3,79,77,11.99,IN,1696010463
263,lagoa,39.05,-27.9833,20.11,94,100,8.5,PT,1696009945
264,salekhard,66.53,66.6019,-0.45,75,12,4.05,RU,1696009682
265,nogales,31.3086,-110.9422,31.84,18,0,17.27,MX,1696010463
266,acarau,-2.8856,-40.12,30.79,57,71,19.44,BR,1696009961
267,sao joao da barra,-21.6403,-41.0511,24.05,73,100,10.87,BR,1696009977
268,upper hutt,-41.1383,175.0502,10.24,90,71,9.37,NZ,1696010464
269,arish,31.1316,33.7984,27.31,67,0,8.95,EG,1696010464
270,delta,5.5,6.0,23.13,98,100,3.89,NG,1696010453
271,mogadishu,2.0371,45.3438,26.25,88,20,16.08,SO,1696010464
272,salalah,17.0151,54.0924,26.42,81,9,0.74,OM,1696009985
273,arkalyk,50.2486,66.9114,13.35,50,100,4.47,KZ,1696010465
274,itamaraca,-7.7478,-34.8256,27.79,64,87,11.63,BR,1696010465
275,erie,42.7667,-78.6664,22.31,64,43,4.0,US,1696010465
276,alghero,40.5589,8.3181,23.05,78,20,3.44,IT,1696010466
277,kuanda,56.3161,116.0806,3.99,76,50,0.49,RU,1696010466
278,saudarkrokur,65.7461,-19.6394,5.34,82,98,6.02,IS,1696009902
279,zhalantun,48.0,122.7167,9.97,71,100,6.26,CN,1696010466
280,cidreira,-30.1811,-50.2056,18.55,81,68,20.0,BR,1696010466
281,colonia,50.9333,6.95,18.31,85,100,11.5,DE,1696009689
282,praia da vitoria,38.7333,-27.0667,23.2,95,100,19.24,PT,1696010467
283,beloyarskiy,63.7119,66.6722,1.11,75,7,4.0,RU,1696010446
284,chonchi,-42.6128,-73.8092,11.56,52,6,4.56,CL,1696010152
285,christies beach,-35.1396,138.4698,20.63,36,0,9.33,AU,1696010468
286,miles city,46.4083,-105.8406,19.82,46,61,4.97,US,1696010428
287,oradea,47.0667,21.9333,19.02,56,0,0.0,RO,1696010314
288,tocopilla,-22.092,-70.1979,20.81,63,16,11.43,CL,1696009974
289,la'ie,21.6477,-157.9253,27.81,83,36,5.99,US,1696010468
290,farasan,16.7022,42.1183,31.49,76,96,8.7,SA,1696010468
291,arlington,32.7357,-97.1081,35.1,45,0,5.75,US,1696010469
292,alakurtti,66.9672,30.3491,11.12,99,100,5.08,RU,1696010469
293,hotan,37.0997,79.9269,16.77,19,0,3.58,CN,1696010470
294,sirnak,37.5228,42.4594,18.29,33,0,1.88,TR,1696010202
295,tolanaro,-25.0319,46.9987,23.04,83,0,21.85,MG,1696010167
296,saint-louis,16.3333,-15.0,37.15,27,100,10.22,SN,1696010470
297,linevo,54.4589,83.3764,6.63,94,77,6.98,RU,1696010471
298,chita,52.0333,113.55,-0.06,93,100,2.24,RU,1696010240
299,ad dilam,23.9915,47.1627,33.29,12,0,5.08,SA,1696010471
300,birjand,32.8663,59.2211,14.57,27,0,5.75,IR,1696010471
301,locharbriggs,55.1034,-3.5844,14.42,84,1,11.3,GB,1696010471
302,canto do buriti,-8.11,-42.9444,38.94,16,42,3.69,BR,1696010472
303,georgetown,5.4112,100.3354,26.68,92,20,5.01,MY,1696010156
304,ribeira brava,32.65,-17.0667,27.35,80,82,4.03,PT,1696010472
305,santa sylvina,-27.8326,-61.1375,27.81,25,20,11.72,AR,1696010472
306,badger,64.8,-147.5333,2.06,71,20,3.44,US,1696010043
307,rong'an,26.1247,119.1214,23.8,96,3,1.83,CN,1696010473
308,mount isa,-20.7333,139.5,24.87,29,0,9.22,AU,1696010473
309,saintes,45.6667,-0.75,22.32,83,84,5.73,FR,1696010403
310,touros,-5.1989,-35.4608,28.26,61,44,16.28,BR,1696009830
311,tamanrasset,22.785,5.5228,27.95,20,40,8.05,DZ,1696010474
312,hami,42.8,93.45,18.42,22,24,4.23,CN,1696010474
313,bikenibeu village,1.3673,173.1241,28.62,70,100,7.18,KI,1696010474
314,gaspe,48.8334,-64.4819,19.6,50,78,3.69,CA,1696010474
315,hadibu,12.65,54.0333,26.77,84,58,3.22,YE,1696010109
316,simplicio mendes,-7.8539,-41.9103,40.72,12,69,5.75,BR,1696010475
317,kenitra,34.261,-6.5802,25.42,53,9,7.34,MA,1696010475
318,udachny,66.4167,112.4,0.25,92,100,14.56,RU,1696010159
319,stiens,53.2623,5.7577,16.99,78,40,8.05,NL,1696010475
320,vorgashor,67.5833,63.95,-0.21,79,90,2.04,RU,1696010155
321,shurugwi,-19.6702,30.0059,20.24,61,74,6.31,ZW,1696010475
322,barra da estiva,-13.6261,-41.3269,27.62,40,49,11.9,BR,1696010476
323,kourou,5.1552,-52.6478,34.03,55,13,13.22,GF,1696010476
324,lompoc,34.6391,-120.4579,22.18,60,23,3.0,US,1696010195
325,yuzhno-kurilsk,44.0306,145.8556,13.93,83,0,3.76,RU,1696010171
326,la passe,45.5549,-0.8967,22.13,84,74,5.23,FR,1696009914
327,ballina,-28.8667,153.5667,13.77,90,4,7.65,AU,1696010476
328,zelenogorskiy,55.0333,87.0,7.48,94,100,2.39,RU,1696010477
329,bentota,6.4254,79.9948,25.31,88,95,6.08,LK,1696010477
330,dikhil,11.5,42.1667,31.58,44,98,5.3,DJ,1696010477
331,lethem,3.3803,-59.7968,37.82,34,54,0.98,GY,1696010477
332,olonets,60.9847,32.9698,15.35,79,100,8.01,RU,1696010243
333,todos santos,23.45,-110.2167,36.28,75,6,11.25,MX,1696009937
334,cooper's town,26.8667,-77.5167,28.31,75,69,4.12,BS,1696010478
335,san bernardo del viento,9.3533,-75.9524,30.29,74,27,8.1,CO,1696010478
336,hilo,19.7297,-155.09,26.82,90,6,5.01,US,1696010478
337,igarka,67.4667,86.5833,-0.1,99,100,2.53,RU,1696010191
338,galliano,29.4422,-90.2992,30.0,66,40,6.91,US,1696009956
339,cill airne,52.05,-9.5167,14.03,82,20,4.61,IE,1696009960
340,mount pearl,47.5166,-52.7813,18.58,59,75,23.02,CA,1696010142
341,opuwo,-18.0607,13.84,25.11,32,6,14.97,NA,1696009944
342,nuuk,64.1835,-51.7216,1.6,100,91,18.01,GL,1696010181
343,sinjai,-5.1241,120.253,22.37,87,93,4.43,ID,1696010479
344,sisimiut,66.9395,-53.6735,2.8,80,98,4.18,GL,1696009952
345,qarqaraly,49.4058,75.4742,9.6,90,100,4.52,KZ,1696010480
346,banda aceh,5.5577,95.3222,26.3,84,87,7.16,ID,1696009887
347,freetown,8.484,-13.2299,27.19,83,99,5.37,SL,1696010480
348,angaur state,6.906,134.13,28.21,83,93,18.5,PW,1696010480
349,kencong,-8.2833,113.3667,22.04,92,26,1.48,ID,1696010480
350,mayya,61.7333,130.2811,-7.38,66,45,1.77,RU,1696010481
351,chilliwack,49.1747,-121.9443,13.48,86,14,5.01,CA,1696010481
352,saint-philippe,-21.3585,55.7679,21.77,79,41,12.46,RE,1696009844
353,sena madureira,-9.0656,-68.6569,36.2,38,81,2.04,BR,1696009945
354,calvi,42.5,8.8333,18.35,78,0,1.14,FR,1696010482
355,guajara mirim,-10.7828,-65.3394,37.56,32,75,2.28,BR,1696010482
356,san borja,-14.8167,-66.85,38.97,26,27,4.07,BO,1696010482
357,dompu,-8.5356,118.4622,22.1,84,96,1.77,ID,1696010482
358,korla,41.7597,86.1469,18.82,32,99,10.6,CN,1696009986
359,bonito,-21.1211,-56.4819,35.6,30,33,3.83,BR,1696010483
360,necochea,-38.5473,-58.7368,10.02,69,100,17.07,AR,1696010259
361,mata-utu,-13.2816,-176.1745,26.68,73,67,19.24,WF,1696009898
362,kollam,8.8833,76.6,25.28,87,100,4.74,IN,1696010483
363,nemuro,43.3236,145.575,15.18,76,27,7.63,JP,1696010140
364,nova sintra,14.8667,-24.7167,24.86,77,99,7.85,CV,1696010158
365,uliastay,47.7417,96.8444,-2.99,69,29,7.23,MN,1696010484
366,sekong,-6.3996,106.0252,22.64,86,71,1.25,ID,1696010484
367,severo-yeniseyskiy,60.3725,93.0408,3.9,94,100,4.68,RU,1696009888
368,coxen hole,16.3244,-86.5366,28.8,75,99,2.44,HN,1696010484
369,whitecourt,54.1502,-115.6855,7.58,100,100,6.91,CA,1696010485
370,alaghsas,17.0187,8.0168,37.59,9,4,11.48,NE,1696010485
371,whakatane,-37.9585,176.9854,12.51,83,100,4.0,NZ,1696010485
372,sebastopol,44.6,33.5333,18.89,61,22,3.24,UA,1696010204
373,santa ana de yacuma,-13.75,-65.4333,39.22,29,47,3.78,BO,1696010485
374,alagon,41.7696,-1.1191,30.13,35,0,0.0,ES,1696010486
375,orosi,36.5449,-119.2873,27.23,52,0,5.75,US,1696010486
376,barra do bugres,-15.0725,-57.1811,38.91,27,77,2.28,BR,1696010486
377,gornozavodsk,58.3758,58.3211,8.23,92,91,7.76,RU,1696010400
378,yarmouth,41.7057,-70.2286,18.33,88,100,11.01,US,1696009962
379,nagqu,31.5,92.0,3.16,86,82,7.65,CN,1696010486
380,pathein,16.7833,94.7333,24.54,98,100,3.67,MM,1696009902
381,leamington,42.0549,-82.6062,20.6,75,83,3.0,CA,1696010487
382,funafuti,-8.5243,179.1942,28.0,89,75,1.14,TV,1696010487
383,ingeniero guillermo n. juarez,-23.9,-61.85,28.26,20,91,10.65,AR,1696010487
384,cappelle-la-grande,50.9998,2.3585,16.66,42,16,1.01,FR,1696010436
385,west bay,19.3667,-81.4167,33.04,72,75,9.22,KY,1696009950
386,brigantine,39.4101,-74.3646,19.46,96,100,6.91,US,1696010488
387,ivankiv,50.9386,29.8943,16.17,48,7,5.53,UA,1696010488
388,palikir - national government center,6.9248,158.1611,28.24,69,61,2.73,FM,1696009946
389,hillsborough,37.5741,-122.3794,23.79,82,75,18.41,US,1696010488
390,bliss corner,41.6118,-70.9384,17.8,86,100,12.66,US,1696010488
391,sinabang,2.4803,96.3801,26.65,79,99,5.64,ID,1696010176
392,machico,32.7,-16.7667,27.35,59,20,10.36,PT,1696010489
393,yudong,29.385,106.5194,23.61,95,86,0.94,CN,1696010426
394,ghadamis,30.1337,9.5007,28.03,26,8,10.98,LY,1696010450
395,antonio enes,-16.2325,39.9086,25.01,80,100,12.19,MZ,1696010489
396,urengoy,65.9667,78.3667,0.62,88,90,15.01,RU,1696010490
397,north bellport,40.7743,-72.9429,16.64,95,100,20.71,US,1696010490
398,ola,59.5833,151.2833,5.44,89,97,1.43,RU,1696010490
399,camayenne,9.535,-13.6878,28.21,79,96,8.12,GN,1696010450
400,mersing,2.4312,103.8405,25.34,90,96,4.38,MY,1696010490
401,cuito,-12.3833,16.9333,21.61,46,66,4.74,AO,1696010491
402,petrozavodsk,61.7849,34.3469,11.7,100,75,0.0,RU,1696010457
403,yeppoon,-23.1333,150.7333,17.88,86,1,6.22,AU,1696010491
404,atafu village,-8.5421,-172.5159,28.67,71,35,10.54,TK,1696009916
405,okhotsk,59.3833,143.3,6.43,90,100,2.93,RU,1696010491
406,carnarvon,-24.8667,113.6333,19.11,78,2,21.9,AU,1696010135
407,nampa,43.5407,-116.5635,21.5,38,0,5.75,US,1696010445
408,gizo,-8.103,156.8419,26.52,84,97,7.36,SB,1696010492
409,jianshui,23.6363,102.8264,18.65,95,51,2.15,CN,1696010492
410,guerrero negro,27.9769,-114.0611,22.61,61,15,11.61,MX,1696010172
411,luang namtha,20.9497,101.4011,22.17,100,95,0.67,LA,1696010493
412,south venice,27.0531,-82.4243,31.99,85,0,1.99,US,1696010493
413,thu dau mot,10.9667,106.65,26.03,100,40,4.61,VN,1696010493
414,xudat,41.631,48.681,18.13,79,90,3.53,AZ,1696010493
415,haiku-pauwela,20.9219,-156.3051,27.25,75,0,6.91,US,1696009911
416,happy valley-goose bay,53.3168,-60.3315,18.17,52,75,8.05,CA,1696009967
417,dunedin,-45.8742,170.5036,4.89,80,67,17.0,NZ,1696009985
418,guisa,20.255,-76.5386,32.81,50,24,2.42,CU,1696010494
419,heihe,50.2441,127.4902,10.32,74,100,7.27,CN,1696010212
420,leava,-14.3,-178.1667,27.01,75,99,18.14,WF,1696010494
421,novosergiyevka,52.0934,53.6528,11.8,79,48,4.16,RU,1696010494
422,bathsheba,13.2167,-59.5167,31.55,66,19,10.96,BB,1696010495
423,idri,27.5,13.2667,29.96,25,91,9.06,LY,1696010495
424,sinazongwe,-17.2614,27.4618,27.24,51,67,2.95,ZM,1696010495
425,awjilah,29.1081,21.2869,27.74,40,1,11.41,LY,1696010495
426,czaplinek,53.5578,16.2333,20.31,82,100,7.2,PL,1696010495
427,ambilobe,-13.2,49.05,24.84,61,81,5.73,MG,1696010496
428,grants,35.1473,-107.8514,25.13,23,0,11.5,US,1696010496
429,margate,51.3813,1.3862,17.05,65,7,9.17,GB,1696010184
430,posto fiscal rolim de moura,-13.0833,-62.2667,39.05,31,66,3.2,BR,1696010496
431,sydney,-33.8679,151.2073,16.51,90,75,5.75,AU,1696010218
432,miyako,39.6367,141.9525,15.72,70,57,4.54,JP,1696010497
433,puerto deseado,-47.7503,-65.8938,11.37,53,18,25.28,AR,1696010497
434,kalyazin,57.2403,37.8433,14.8,74,99,6.76,RU,1696010403
435,napili-honokowai,20.9708,-156.6705,27.88,72,7,12.97,US,1696010497
436,elliot lake,46.3834,-82.6331,20.38,48,2,5.44,CA,1696010497
437,pingliang,35.5392,106.6861,12.54,90,16,2.77,CN,1696010479
438,havre,49.5833,0.3333,15.87,72,0,10.36,FR,1696010498
439,ashkasham,36.6833,71.5333,1.65,93,97,0.78,AF,1696010498
440,agudos,-22.4692,-48.9875,32.97,30,51,3.56,BR,1696010498
441,cockburn town,21.4612,-71.1419,29.49,75,8,14.07,TC,1696010498
442,faya-largeau,17.9257,19.1043,33.18,36,77,0.98,TD,1696010494
443,oroquieta,8.4858,123.8044,25.15,91,100,4.09,PH,1696010499
444,anklam,53.8564,13.6897,18.89,85,72,7.38,DE,1696010499
445,wuchang,44.9143,127.15,9.95,87,49,10.45,CN,1696010244
446,colares,38.7992,-9.4469,31.92,54,0,11.5,PT,1696009939
447,aleksandrov gay,50.147,48.5704,18.84,44,16,7.47,RU,1696010499
448,labytnangi,66.6572,66.4183,-0.42,74,11,4.0,RU,1696010500
449,motueka,-41.1333,173.0167,6.72,89,16,6.42,NZ,1696010500
450,ancud,-41.8697,-73.8203,12.28,58,0,4.43,CL,1696009939
451,swakopmund,-22.6833,14.5333,13.32,84,49,5.01,NA,1696010452
452,mooirivier,-29.2082,29.9946,16.34,31,0,1.59,ZA,1696010500
453,loikaw,19.6742,97.2094,20.44,100,100,2.91,MM,1696010501
454,galesong,-5.3166,119.3661,22.01,67,99,9.51,ID,1696010501
455,yorkton,51.2167,-102.4677,18.52,37,46,5.84,CA,1696010501
456,nagahama,35.3833,136.2667,19.43,72,0,2.91,JP,1696010501
457,khandyga,62.6667,135.6,-1.69,65,14,4.29,RU,1696010501
458,san pedro pochutla,15.7333,-96.4667,32.48,55,77,5.91,MX,1696010502
459,es castell,39.8795,4.2854,24.38,73,20,4.61,ES,1696010502
460,lesosibirsk,58.2358,92.4828,6.62,92,100,7.43,RU,1696010502
461,ornskoldsvik,63.2909,18.7153,13.53,94,100,4.61,SE,1696009971
462,wenchang,30.904,118.4887,22.81,93,71,4.99,CN,1696010502
463,wagar,16.1525,36.2032,36.79,23,22,2.59,SD,1696010503
464,mindelo,16.8901,-24.9804,26.24,76,97,14.88,CV,1696010454
465,mandalgovi,45.7625,106.2708,4.06,61,12,1.52,MN,1696010503
466,camenca,48.0319,28.6978,19.99,35,0,5.55,MD,1696010503
467,verdal,63.7933,11.4817,12.02,94,99,1.9,NO,1696010503
468,acara,-1.9608,-48.1967,39.88,21,13,4.88,BR,1696010504
469,manta,-0.95,-80.7333,25.88,73,75,8.05,EC,1696010269
470,kupino,54.3663,77.2981,10.03,75,83,4.92,RU,1696010504
471,sungailiat,-1.85,106.1333,26.26,82,46,8.68,ID,1696010504
472,mcminnville,45.2101,-123.1987,15.61,88,100,4.72,US,1696010504
473,goronyo,13.4423,5.6763,31.4,47,100,5.48,NG,1696010505
474,tambura,5.6,27.4667,21.78,91,70,1.21,SS,1696010505
475,villa yapacani,-17.4,-63.8333,35.79,26,30,4.9,BO,1696010414
476,corinto,37.9407,22.9573,21.61,60,18,2.53,GR,1696010505
477,plettenberg bay,-34.0527,23.3716,17.6,73,78,3.47,ZA,1696010168
478,melekeok village,7.4957,134.6367,28.31,83,100,11.5,PW,1696010506
479,yerofey pavlovich,53.9667,121.9667,2.35,88,36,4.85,RU,1696010506
480,nieuw amsterdam,5.8833,-55.0833,37.3,51,35,12.03,SR,1696010506
481,kachug,53.9606,105.8817,6.87,71,65,1.88,RU,1696010506
482,burutu,5.3509,5.5076,23.92,91,100,6.6,NG,1696010490
483,soe,-9.8607,124.284,16.36,75,55,4.23,ID,1696010507
484,suntar,62.1444,117.6319,4.76,91,97,5.1,RU,1696010507
485,jayapura,-2.5333,140.7,23.66,85,88,4.29,ID,1696010507
486,jiuquan,39.7432,98.5174,10.86,29,73,3.51,CN,1696010507
487,mizdah,31.4451,12.9801,25.42,36,54,5.95,LY,1696010507
488,san jose,37.3394,-121.895,23.33,66,40,30.0,US,1696010397
489,walvis bay,-22.9575,14.5053,13.38,80,26,7.63,NA,1696010508
490,dubna,56.7333,37.1667,14.41,75,89,5.35,RU,1696010271
491,kailua-kona,19.6406,-155.9956,28.06,66,0,8.05,US,1696009921
492,koryazhma,61.3143,47.1691,12.17,95,79,3.33,RU,1696010441
493,lufilufi,-13.8745,-171.5986,26.71,80,77,11.16,WS,1696010508
494,lubao,14.9167,120.55,25.89,90,99,2.3,PH,1696010508
495,kharkhorin,47.1975,102.8238,3.4,64,3,4.9,MN,1696010509
496,cabo san lucas,22.8909,-109.9124,36.45,58,3,8.81,MX,1696010509
497,tianpeng,30.9866,103.9393,21.23,84,6,0.96,CN,1696010509
498,mumbwa,-14.9783,27.0619,24.67,40,85,4.52,ZM,1696010509
499,foumban,5.7291,10.9001,17.87,95,86,2.21,CM,1696010510
500,tadine,-21.55,167.8833,18.48,69,59,12.41,NC,1696010510
501,palopo,-2.9996,120.1921,24.32,84,92,2.91,ID,1696010510
502,cinisi,38.1562,13.1073,23.56,72,20,10.36,IT,1696010511
503,burley,42.5357,-113.7928,16.98,38,0,9.22,US,1696010511
504,belmonte,-15.8631,-38.8828,25.02,74,96,11.41,BR,1696010511
505,saguenay,48.4168,-71.0657,21.45,50,73,1.12,CA,1696010511
506,yinchuan,38.4681,106.2731,14.71,18,4,5.21,CN,1696010511
507,puerto piray,-26.4678,-54.7148,25.24,57,55,3.53,AR,1696010512
508,bukama,-9.2,25.85,24.13,77,90,3.51,CD,1696010512
509,oppdal,62.5943,9.6912,9.22,88,56,4.14,NO,1696010512
510,port douglas,-16.4833,145.4667,22.67,72,84,15.88,AU,1696009980
511,hasaki,35.7333,140.8333,23.22,74,69,10.94,JP,1696010512
512,garissa,-0.4536,39.6401,29.52,53,89,18.92,KE,1696009879
513,keminmaa,65.8596,24.8228,12.87,94,100,11.5,FI,1696010513
514,villa riva,19.1807,-69.9132,33.27,55,83,7.47,DO,1696010513
515,east london,-33.0153,27.9116,22.52,78,0,4.61,ZA,1696010185
516,el bayadh,33.6832,1.0193,23.51,21,20,9.31,DZ,1696010513
517,greenville,35.6127,-77.3663,22.02,89,100,9.22,US,1696010425
518,turpan,42.9333,89.1667,23.36,22,60,3.65,CN,1696010513
519,santiago de cao,-7.9589,-79.2392,20.95,79,87,14.43,PE,1696010425
520,cova figueira,14.8905,-24.2934,25.23,81,94,9.26,CV,1696010514
521,xinyuan,37.3,99.0,3.43,56,80,1.97,CN,1696010514
522,mount gambier,-37.8333,140.7667,11.54,60,5,7.31,AU,1696010514
523,nyrob,60.733,56.7202,8.79,94,99,4.29,RU,1696010514
524,lichtenburg,-26.152,26.1597,19.11,34,5,8.68,ZA,1696010515
525,waingapu,-9.6567,120.2641,24.25,77,79,3.8,ID,1696010515
526,butterworth,5.3991,100.3638,26.74,89,40,4.61,MY,1696010515
527,paungde,18.4833,95.5,23.51,97,100,3.78,MM,1696010515
528,togur,58.3631,82.8265,6.87,96,80,7.47,RU,1696010515
529,shimonoseki,33.95,130.95,21.83,76,3,2.17,JP,1696010516
530,boende,-0.2167,20.8667,23.81,86,88,3.47,CD,1696010516
531,changde,29.0464,111.6783,22.08,71,77,6.53,CN,1696010231
532,malango,-2.9627,119.9001,19.02,98,100,1.14,ID,1696009933
533,camara de lobos,32.6333,-16.9667,27.35,75,20,10.36,PT,1696010516
534,basco,20.4487,121.9702,29.01,81,48,14.54,PH,1696010517
535,vila franca do campo,37.7167,-25.4333,24.23,99,64,14.72,PT,1696010160
536,bayganin,48.6947,55.8742,13.9,43,41,5.28,KZ,1696010517
537,gebeit,21.0667,36.3167,32.47,27,8,4.54,SD,1696010517
538,pokhara,28.2333,83.9833,20.24,81,7,8.23,NP,1696010517
539,nezhinka,51.7676,55.3694,12.09,76,20,2.24,RU,1696010518
540,chibougamau,49.9168,-74.3659,18.79,52,0,3.44,CA,1696010197
541,nova vicosa,-17.8919,-39.3719,24.59,70,85,13.76,BR,1696010518
542,sharypovo,55.5403,89.2008,7.14,84,97,4.59,RU,1696010518
543,katsuura,35.1333,140.3,24.17,85,39,9.04,JP,1696010178
544,hithadhoo,-0.6,73.0833,28.28,75,6,15.73,MV,1696010139
545,santa cruz,-17.8,-63.1667,30.03,37,40,16.11,BO,1696010331
546,bang saphan,11.2126,99.5117,24.48,90,93,3.91,TH,1696010519
547,nadi,-17.8,177.4167,19.05,83,97,9.8,FJ,1696010519
548,badiyah,22.45,58.8,27.4,40,0,3.65,OM,1696010520
549,salinas,36.6777,-121.6555,22.54,73,2,1.01,US,1696010376
550,san luis,-33.295,-66.3356,19.31,22,53,17.96,AR,1696010248
